input_size,threads,cache_kb,packet_count,execution_time
3807.947176588889,15,4812.636077511201,20065.10174037612,-2.8730505409677445
9512.07163345817,12,850.7467989454532,99464.86415599979,-20.532014900475826
7346.740023932911,14,5915.014977567189,8981.2154282774,-15.713340536466273
6026.718993550662,8,3352.8355876687156,231.75479048138658,16.659143470377654
1644.5845403801216,3,8004.312324575036,4416.193617783127,-33.259188861199924
1644.345751328406,8,6766.075261763404,34178.24047367617,-32.52273069165827
675.0277604651747,15,4341.287110721978,63290.63306784342,-13.822752679053803
8675.143843171858,5,1121.667483244347,6902.954088784963,10.219615827070434
6051.038616257767,1,7058.328957014671,566.581452956727,1.5132708333515428
7109.9185201808505,7,6577.43475349931,93709.10284587948,-3.041660519011383
303.7864935284442,5,1616.494484586634,82192.66359399297,2.104157574436737
9702.107536403744,6,2509.1241242725805,80918.3171139031,25.60784362842903
8341.182143924176,6,6526.03612970416,88442.42755019771,-15.421862247604315
2202.157195714934,8,1621.6821929583116,70003.42727721045,-1.8473573194190678
1900.067175350296,9,7528.756072677987,10440.412974808145,16.11699433279992
1915.704647548995,2,3551.389156783462,39910.018807372304,-2.632043764671798
3111.9982052994233,9,829.8821943068792,72314.94864646294,-29.622912611153858
5295.0886731591545,12,6706.197061218521,28033.44607915209,-31.228155460030464
4376.255684556946,15,3139.9820840215575,68740.63641362375,-13.249962675680745
2983.168487960615,11,4373.68950165609,2449.844826765235,6.961274376241544
6157.343657751557,10,1033.6222333320713,30613.73408795932,-5.711923679511245
1480.989220455214,9,148.83749570993797,54913.03362771727,-8.207525871922208
2992.23202049866,13,5272.712699517152,63208.982950624224,-32.027649785624185
3726.9822486075477,10,4282.372573571211,57704.066446191086,10.926441341647754
4615.0928437486555,15,4914.295021409059,69775.62760734295,-32.55962629359529
7873.242017790834,10,6528.750409468484,608.874823983907,-13.541689484844365
2076.7704433677613,7,5342.230085841944,10094.119997752148,0.9583573265740508
5190.9209402947545,1,1537.3730429599696,86894.4252279145,-26.454160313642692
5964.90423173422,7,3037.269594107877,68174.86440901613,2.699379196308104
559.8590859279775,10,7433.105869008499,11293.164268601131,-38.379930305407925
6114.69403382424,5,6336.834062829539,84207.44373985792,3.0992025938468712
1788.1888245041862,6,4616.721235201688,24223.121782456692,-17.2671187558525
744.0107705542672,10,2189.5212623339717,47825.98841952235,27.107413519614873
9493.966818808,7,2563.8158867957873,14519.65128846603,-4.222130150035971
9659.757127438137,14,6030.5098570105565,71011.00564217067,37.83406978293287
8103.133746352965,15,6991.869239516744,66685.44210142679,8.779009833151715
3115.67631481637,5,5542.3685350948745,21111.24711661362,-22.36223858331183
1066.9539286632003,7,6656.049724596714,86340.07668570019,-3.315997165241277
6873.906962470353,9,6310.315074256074,40130.60242197122,-8.706022415567599
4457.509688022053,3,1335.212797604907,29251.50910707418,6.066440699591469
1308.1785249633103,8,3546.6909713328673,15232.958946453546,-28.130888096988468
5002.251410101575,2,1361.6613698815293,26616.801251553745,39.22471114459752
440.4463590406621,11,2024.9397558432056,2202.6921223817,-0.13416634840708497
9102.271980579942,7,7137.709613186088,58325.74924561156,5.34433192634879
2661.9218178401675,13,3941.400810865981,84223.07463439478,22.969892102091976
6658.970615104421,2,4445.127733259217,54898.04494416418,11.3365330032362
3185.9396532851683,15,1566.9882635967545,21927.396192387572,7.360494778757797
5248.673409660327,14,2646.159682697491,3366.917821387272,-10.195162543307259
5512.431765498469,4,1984.7051022023431,21462.807325880283,8.439900612489359
1930.0591097027177,7,1790.6852306765907,41612.14280710923,-11.678496340283488
9698.88781486913,3,5272.515837299983,75961.14286997965,15.586840626006445
7773.814951275034,2,2199.5113474150444,18784.285253777412,13.883314445970429
9401.039521485473,11,5224.572879268654,71979.14533546861,-10.899574591987932
8958.790769233723,10,599.3780081713787,86693.34683518836,-4.434627179993864
6019.209790229743,7,1271.2687094025493,45394.68481083571,-5.950776254576763
9226.554926728857,1,2341.892608257011,82143.19916425933,26.67055909805592
976.075770314003,14,4942.5863378468575,55465.73480350956,-17.70163604671322
2040.2303379495374,15,5577.9838003846,63709.0837080905,8.315304919522061
547.7501602143268,8,3698.0696201101064,52627.84603382027,3.4256091121951986
3320.770274556317,3,3722.857935150774,46317.27167513417,-4.3681975677442075
3947.905167925872,12,5970.503889678456,23465.344177584935,16.05281193771058
2786.3554145615694,12,255.58128399765678,30319.405946104605,24.509971301932396
8304.5013406041,13,2878.5499573601146,28997.0118943609,-43.873788680052435
3631.857934266534,2,6730.053708609493,56328.89309538147,22.360415734619902
2881.2516459050694,3,4992.361323960634,11995.369302388992,-16.992876937815232
5472.69122326666,5,2847.39959853971,91679.16907023352,18.135187719928236
1495.14982725015,11,7430.15192534649,72065.51452831132,11.313188721286176
8041.750109464992,8,6358.429674151821,40144.56309131936,-16.882053472055908
838.0513724297311,10,2264.1168865170184,15862.414452637797,-53.473826629519436
9870.180672345121,7,5331.617249807381,88199.21697216359,24.56154352349297
7745.2232160369085,7,4932.133872115747,82377.80901011651,6.047813814008594
2067.285247188307,12,3363.1793388103565,72172.15527171793,-46.08477926742452
154.66895952366374,7,3087.1338227075125,27154.704741124235,36.13546225481273
8173.068141702858,15,2898.4716685912767,40244.663743366895,8.643981546883769
7097.887704091409,8,5104.744237302496,10274.825245242337,10.761510210816727
7317.170963605774,1,3695.593727780119,18903.95247275317,42.28798065030258
7735.576432190863,4,6836.144145259467,78301.66373167328,-4.147407676267674
833.0420521674946,13,5527.675496504268,71503.87188506838,-13.412718308284283
3648.810712588299,6,691.9284684408768,59348.57629759347,-30.71850912166204
1247.1036892987843,9,5290.316556950331,89572.67259261728,-23.49127017943846
8644.723916168376,13,2314.53292793749,58326.651781304536,6.918289642205252
6270.651455592823,2,4908.435900693201,46696.79999636107,-24.675330181337582
3375.890446041227,1,5612.583892418232,34037.074630576266,-5.0213280921705294
729.227667831634,13,1989.4065813379534,94044.85057361725,-33.36360383689369
3178.724984985056,10,3812.1081123152926,8271.546152435349,-9.425231270762364
3319.314888064796,12,1662.7796937729627,93088.73720608084,2.5000667138704937
7323.101165546835,14,550.060694342403,82671.46599310184,12.275839353644361
6411.81896641661,2,3180.0338789900484,12992.992453570128,27.34052511549843
8883.406151505633,7,3054.782608166079,56498.435767525356,31.914088952144
4774.927759103298,3,8155.554677039128,86654.79817490869,16.33552509430562
1283.9830347891868,10,3727.3853600577863,57180.916360715375,24.142525955727706
7161.123393507651,2,2817.904846943824,90719.98215606222,15.172279460465926
7631.7719813072845,14,4808.950454163264,94298.38168160425,-5.293884640817176
5656.644255938013,11,843.8202660850449,42238.45221843059,6.097710361814208
7732.575081550154,7,7882.872494739614,37731.36614063236,-3.431641643655044
4988.576404007468,13,5248.317807646091,93632.11539691569,30.4660055479609
5275.0550108817415,13,6215.0121800029965,67514.0061149668,15.237531445087
4332.656081749641,2,1502.734093434471,11602.268134816928,18.318159865881203
351.6493547665424,3,3430.0294066339643,4229.174922268119,-5.831418501986287
1168.125127233714,11,3536.5650104268725,56462.90509972631,-22.768000357618362
411.14893829866907,7,6755.047163618364,93017.09654384246,3.110480663244953
6400.463071511426,14,137.97258557987774,84424.87024058183,-26.749699751122375
3212.124212655634,4,2554.079465760649,67584.77464643364,28.895023924696847
5134.849842530557,13,8040.690122712466,13911.584889108752,-14.00374899086088
9084.908091868321,14,3957.485086834147,25423.13837486956,3.801563676174708
2567.993068573862,1,3212.6919238876826,87551.12265526161,-9.245285386939411
4162.790938052734,13,1094.3010722703002,18280.723665690046,2.8489462443945097
7579.956271576182,14,7983.663565256317,27843.940825043457,-14.528694799123866
2365.1018383670626,5,289.4925341858485,12960.065119544195,5.3171346380135525
862.1011073050506,12,6072.6213344584085,67610.82314144111,-0.40591070407470653
2968.5393838463033,9,6325.988825814532,94398.23053632096,-20.66880944649803
1696.0907438146437,8,2092.8477583390204,26896.803159538595,-34.826569636476385
9304.006758191474,12,5543.447289295533,47540.66078500737,30.999248385967373
8100.3917576877275,15,877.3806202754004,63433.97397112043,-6.434106189563314
6370.697189453193,9,2200.8291565082923,99946.62482156306,4.188775366171023
8727.459842858405,10,6481.641633588825,10480.806499757211,8.462483327458347
8056.353561301233,14,7100.829452558469,49857.079950570915,-28.42356430958983
1947.0435829717549,9,5034.834431688557,38512.01199025001,-3.2143517890389646
8936.33408505078,15,4215.145114200372,86582.01652223551,1.870656621194901
5439.4881949649425,7,1412.627622271457,47596.77310116559,-15.554929489232428
8093.657536124219,4,636.911242750267,11097.75245851481,-17.731242895758093
8971.303869242583,5,1076.7217656107769,63442.414528658366,20.02880173663191
3248.2344022214525,1,1961.4092679749406,77078.06182638797,32.46173405524164
1189.514052824,14,2883.2631832967695,288.12516656145925,-15.68417418277171
2356.5581091652225,1,3199.654413720601,85895.66854206295,-20.24706206988443
4328.367107399938,3,2920.7387419017246,18602.300000566564,-20.8891440322939
8198.346182632682,13,2055.74219883875,55206.936465337785,-10.458432790895715
8621.2327742378,14,4238.416325805694,41579.750068745016,28.850358031134594
168.82609225878795,8,6783.10717679008,71965.38166105303,-18.458220518181474
5156.398295517901,14,2383.5293342340083,37116.161478574184,-18.803446452119346
4232.368931172912,2,7727.408922040408,86976.31766817108,-27.080376511915034
2298.8673236602294,4,7170.586840141109,73049.63609587902,-16.82062741569287
1286.6671366034598,2,1432.466600343412,64771.31710629215,-24.770483800807913
3442.3901968959167,14,6468.52931528921,79624.05955628543,-31.114343561458625
9434.80606873394,5,4761.47265101047,75402.30349283823,11.473203366588628
3299.709027005477,9,4696.863720550319,3593.867492155334,-19.507305987475696
5236.027155259324,1,3281.3688413011187,39473.435384482815,45.862782798074946
7059.887693062261,5,4169.297785403726,93080.72973164899,26.812675029598836
3699.9330635550104,14,3330.849661189158,12572.426899222623,-25.83878505784882
9720.64261893751,15,4480.403837680179,73709.65504320513,-17.54334864153696
9628.228219926901,9,5191.789225558536,97459.18113353297,33.48391687571989
2592.644728671105,15,5565.585894882566,5219.862904497163,16.23670223873175
5022.7602083346155,1,4421.928336799213,68219.38806266105,-31.093450865465485
3078.6952671860195,9,5945.5475509388925,46815.41413010304,-7.9935566659869846
2919.9208943369295,8,1267.2661893576787,57917.52553747221,-13.293367249929926
465.18077880987465,4,1837.4268066356515,8534.133648432486,2.8204639848263415
6134.686906400979,12,6730.279072854914,4300.695186693948,30.63813507610893
5076.522329965729,11,2728.865613353492,66686.66605509217,-15.899310059093512
609.6396373748946,10,312.6158046074337,82330.94298207179,-54.47563406012925
2858.599995942453,5,1368.1718309230027,78201.53349329672,7.962039301733023
9091.832271069872,13,1931.226799778254,54380.572786623736,27.742922437718445
2471.662717603027,5,7847.8517679819515,9986.682113617817,-14.393920406273288
1534.4592337031086,11,4749.006082898369,68804.44438360138,-27.463901426100854
4945.582326747874,12,7649.540691200519,24188.888355414594,-18.398448761487757
9857.939495694947,6,4766.117258404784,91106.87027673837,26.25088337778798
2496.347187963854,7,3993.514205271637,83826.53595457049,-16.104421421408155
6754.141919318197,8,2657.9001017891906,70938.29670873909,6.47932408575566
7640.034191754304,15,5017.775295910741,94884.59558311304,-1.7924077006586967
2452.611685524757,14,1250.4928705157606,3142.182151127293,-17.911341492912072
7309.34185125741,8,7371.581762488381,73620.0425060762,14.831420868106992
3741.053013920607,11,6815.736515059311,33024.27793364054,-20.447014995256545
6359.827722876436,14,2688.5735956780077,90606.58856863652,-12.992719536638983
6371.944136532858,13,7811.359262576838,26667.519666197757,8.625907452404348
5404.169372340109,2,6782.418988439142,72485.6499315017,-11.674617116397743
993.8687235386421,9,5501.09872737376,87764.70196507814,-29.547921810999945
8369.494706333457,7,1109.888051314216,4165.681838268242,-24.159443338584254
3275.7226432201846,4,3984.479161859655,39764.75795920361,13.798319251530032
1946.533252958557,4,4209.251322284199,76230.90320219386,-6.139270016794469
503.67390139216275,11,2003.294153858425,45491.88895075871,-42.62110459521493
5949.840137563594,8,772.8409401134109,26725.262979359533,13.398582167752755
6807.887182238596,4,6391.49935612373,21980.534882319003,-8.28586554509684
264.2195063857759,13,1112.0906603311214,13151.82669163779,-37.100606322423474
5169.721277162882,15,4920.360612530151,85712.95598562823,-11.654335254579362
2342.3081744595856,6,7679.526138197839,57535.5403251556,21.9254607450356
6487.2106250535535,5,7192.912273110615,7638.494499145599,-8.266511640616901
1826.2276471494154,3,2367.7971579140417,38258.032357063545,7.796635725037257
6940.283607214413,13,6994.081813213404,36773.36508051099,8.904934745341844
3928.6799283753203,14,130.6813293556266,18173.9190709463,-3.5952528012363523
9373.626888493673,10,270.6344967213062,43550.76254721907,27.76103442872144
1461.457347045333,11,4986.988713228863,33209.93653931365,-29.448256898928705
3476.5568753975595,2,3069.732839181486,34180.370549218256,-18.303793725105233
1223.3878602818318,9,3244.4202231073627,73902.65577879587,-33.26481935320025
9254.466820957772,10,4679.652955234508,22326.33855051963,-2.368878370229721
8785.659598471711,9,1674.5337218927637,64185.99588553554,-16.147321453971525
2653.6221143800403,1,1835.5951477664173,57064.96238809349,10.682872124573331
6633.842055738372,10,4035.827197720125,56809.25123378673,-1.4080472829574704
8190.499781992036,3,6210.300581588912,66300.73461417759,30.490549445529965
5596.488034834677,8,5123.629867350787,54838.20361956539,2.406444729377715
5343.540725724464,6,2525.871108981869,87925.51148463847,-8.076336297537363
2494.3376799144717,5,3598.2389994319406,67558.00919502598,3.108203376759139
1021.7174012784022,5,1504.2406129471872,54696.32513713881,-29.08897804703378
8982.436003737936,6,729.8148228142269,82976.31202876449,6.746647243630337
9014.138765916972,15,6439.660872560819,60614.656493347975,4.980158443501889
6367.704427005353,7,2268.0840676936014,29114.4247785179,0.733956801308592
3456.3949313821367,1,1561.5081516324656,20709.491817657123,15.854407124759447
3557.174788665343,9,5705.208000110991,15232.77856626788,-23.338056700313377
7286.961220815369,3,5111.968701451868,89945.52125461017,32.60794792270444
8981.391573530513,4,5234.041144172575,71013.54317980658,46.14301767155053
8882.155600224662,10,1973.8060934830921,93737.84381643207,-28.467275625435082
7820.767903990476,1,2004.0536229694596,60329.180571494304,-6.1016316574452105
6456.113296927449,13,1908.552406591394,47340.088149491254,-4.815573519056605
932.9856534509835,11,1529.1409314207428,5971.648897088932,-22.540670357994173
1700.1242695366764,10,5415.7556955371965,67164.22815460298,25.530109137016414
8995.686466418085,3,6966.400098651173,58220.87597682312,15.67455525782282
6103.64769062994,2,5968.896075472596,99020.88935876214,38.69148116849472
191.05081100463352,2,6515.44306264502,23915.877778224305,-45.75694260736202
1104.568274373718,14,3392.294532143051,53073.73552868359,-0.5486797213752723
6668.667514169752,1,5402.467213879793,65095.733511807266,1.5467705424575708
150.109680077565,8,2984.561042946662,64459.117474234365,-28.289519854005594
1691.9997090332367,3,4365.669271555113,56129.354294840276,-8.226323819296935
5532.464514729202,3,4011.9034024571297,77692.80103272255,-22.964397902433866
6949.762457157663,6,1554.4179384400418,20498.120952681642,9.051804641357975
6554.416469075745,13,3249.403123346527,72562.72002744158,-0.5383619464330733
2320.2661636595417,8,7900.262829489679,61973.45714330892,-4.461316412131276
7150.574291340605,13,2132.551198213293,89607.51117945733,15.540754185640441
2448.7659662183205,15,1206.993329357797,84719.44390335817,17.41732534737873
3321.4570117767503,9,3503.434132775414,31514.703913255325,-17.225266525568156
7490.264910668439,9,6501.283501976234,27623.732497515306,7.524627251938096
6531.365700567425,4,4822.443324945696,98165.33238524478,12.045969156547843
8507.311763892361,14,5619.381006849204,52726.51809152566,5.341155615157751
6610.3676337734,5,1657.699255680597,90642.09639144369,12.322141546859136
5726.255173021169,2,5119.198228414266,16388.10237804822,37.8213191866483
1027.3802014981154,11,2736.7071845661244,64281.891480017424,-23.630980043727256
3740.3864502883916,9,6855.822343059245,80986.01873605861,-37.39043977914262
2725.5034400490817,8,5202.665571670576,94739.52495864469,-21.126319633280318
2515.4974694529274,3,1731.5770239799863,33734.01410170235,12.658013784849212
9732.804492049212,11,649.0689062627107,72498.11699240525,4.1191745165400375
3991.667474200928,12,471.794199690632,53881.30090396191,-18.77104825562872
8931.260896253421,13,3123.038689530735,6062.892606646819,-24.44271534694586
6348.272397372903,9,2271.823565980384,68999.97373089434,2.5178327935757436
7968.63190506232,3,5338.070755601665,69009.65582378434,22.75835277697
5076.107221741402,9,4154.628045267577,93060.6804846537,2.700328908723371
5811.348457800955,2,2273.17945783539,49731.24461689724,3.0206963610299793
4975.9251688067525,12,1331.4534413902202,23025.092071051466,-6.2082134372555355
2032.9055792006404,10,1153.7388863115934,4456.382344867915,-11.65485845768221
7252.275941088903,9,7100.6214022203285,41564.21866859057,1.9562529713220944
2879.6463881644722,15,2091.4063372168494,30191.67000775018,-38.53894331526747
340.72806767139303,8,5383.394664754049,76108.83060238756,-8.935823858631718
6490.175729480961,9,6665.3713232812515,35426.77648410466,-12.454452958662285
1853.3957261297846,5,5079.951693393712,94907.1196314844,15.676278456106154
9410.539985093852,11,7059.5340280009705,96231.02029877843,6.267631305268743
9543.892912325615,11,3292.2629704056185,62090.859021770804,19.144968582326793
9157.15746318244,2,7838.975745393119,92866.02870148829,10.491431271889999
3764.5711325288994,8,1201.6813136921737,76085.43445144956,-10.963047851335766
253.02050363578755,12,951.7338071583872,54685.96409751262,12.93760910637263
9290.353769618481,15,5439.693467016825,18030.793542277814,5.807006599659012
4339.023068341412,6,7730.990324356542,45859.794351384,-18.532591050857697
9669.882708532328,8,6650.83623463535,56087.44633626176,22.63256758011013
9639.837773183603,11,744.2255545084467,86396.15807350102,-6.522578377856073
8544.793609126864,5,2380.8212451695526,48133.33765356649,10.64677695881958
3015.0440314888983,10,7630.09148733221,89767.46726779567,27.957769350709427
3912.46751315906,2,2168.6632021055266,67434.89790234689,-23.439834356856647
8526.253048016883,6,6427.358297417717,13699.906305367138,-0.9139208480018808
3237.527851047149,5,6781.8660279690675,99498.1369325093,5.9163712097515235
1777.9781921923156,12,4123.325762309357,52723.266075391264,0.9647019066659333
5612.332498337667,13,3243.517609016816,39185.82964090789,-32.729835413654364
9367.932264191732,12,3757.8034230329417,65911.37644695265,-29.17663447047433
6990.694987082233,5,1958.2432953622965,10889.331398103908,23.02281985602243
5743.605583884713,13,7300.048347663,63653.86467533543,-21.112390798092882
1062.0472883306086,1,3761.796911868768,49823.6000499273,-11.243710473964445
6188.5715443217805,2,7244.1529278379885,40667.406999858315,39.01920355245941
9901.533116032206,8,980.3122219641942,95302.00211788992,9.013580918453965
1486.8317508415878,13,8097.451785345059,52253.97167320532,-14.3083266421007
5231.463558400994,14,3702.5541771453377,21911.74794699384,-13.758419194677973
8785.993412086758,13,513.7077356580664,45896.347937729864,-25.35908318916815
7433.609315766624,3,434.6081841868364,91938.74045726727,23.980723748606003
7000.455835853153,10,6145.415324333546,17609.547133059466,3.8657917285931553
7054.592431472382,3,5442.462547818482,21395.70386882369,9.02616777812613
3658.962397075576,8,6596.380820740866,1302.9567757083748,-12.39110155086078
3006.5592582184845,8,977.6837937954273,1419.004939576718,-16.71053591232644
8112.675439237285,2,414.8434717746619,82939.16269585125,32.873122293826455
8120.1226073238895,8,4229.183390105272,73212.26068429559,-0.21085706831880735
8684.015953943026,11,3253.5679466770534,35504.10564519583,-1.8915463192542785
9141.081470309065,13,3853.1400973145874,69831.11572275727,11.231250297760766
5162.289748723284,13,8124.16892912989,39520.592630997024,-4.961108835257787
5065.011317403276,1,7956.127658656284,95289.67959978276,46.848056484751964
8003.122271771074,6,7726.831302324627,96705.26814260348,-29.598927317156413
6534.642914699875,8,6448.907345454521,39279.377580934335,3.5928202507244666
7049.472084851263,3,2989.440729111564,85422.1906340868,-5.077718000052252
7978.3474274174005,8,3451.42382163899,77308.90416974662,-16.242611162682884
8911.052883993907,12,4560.103776549407,30999.99371717893,-10.323717269936166
3446.1520528302044,1,6825.429856448629,23203.982890110598,8.3199298220221
3818.2712311354458,11,682.1002814273113,45823.46503928339,-7.535235445993556
1030.421204424603,11,3549.5300877757377,78134.88406144062,-44.15747921296332
5824.973395862123,9,794.2288381355427,96016.77847287455,-12.230508155832682
455.8285105877467,13,4278.198778128797,76357.90688665726,-10.819690877121527
4709.420379511355,11,7376.736244786282,85520.698501837,-23.88577479794216
5472.181883605009,13,6437.958431683595,60306.43061705166,-29.657956550651434
2936.758396070016,9,1965.3212550676387,83540.78308421258,-53.09320626177487
5949.249279633206,5,7998.390211164662,78442.08580034177,-11.213106614237281
401.95247439658937,10,5509.513609846398,37698.554192628006,-39.46669304357006
469.74706861722274,4,212.08896794065834,55199.03021207211,-27.215199649619432
8243.745550530617,15,2187.65434050161,80475.31219896948,-7.057274636150409
3665.8873499715028,11,2230.392050554207,4605.673418995637,-24.089951609313147
1357.8990752536592,6,686.4667258891745,80807.928235583,-31.16464416903498
5270.208274542563,12,7868.041041764292,17788.812404902343,-51.653247121566636
7722.936175676247,7,3984.650695460249,51468.361712143895,7.8669944508655565
2236.6281722187473,5,7351.848913206856,80827.54395559376,9.838245284912164
6266.615710608103,11,2726.345819777483,25382.107815669486,-13.837869165964012
944.9399034383032,13,1137.8835119703178,24580.7439306153,-23.05351707525699
611.6490395692163,10,3953.0463902837087,40276.439846225185,-15.756082924366227
5360.410852524665,9,1046.9463023362537,89464.27975776345,28.86834511044349
5452.287703940055,3,4047.229016010882,44.27814372078842,-29.87244322754726
6410.5560248322445,15,7549.276469353304,90138.3096641935,-13.495034317736323
7288.304203854349,7,4327.474295751092,15380.702464160779,-35.31893235640354
9760.935586679092,10,5099.453797681953,99008.6376067482,12.58388688443548
5211.373448181834,10,1391.1323557567903,95484.6993038468,-6.475845625621859
3297.269082118335,11,480.68408709607394,49467.518959128334,-6.274650899694635
7972.343328210166,5,1021.555407017964,51272.024781262815,8.375618043725803
2781.239287494535,14,4954.558626318724,48154.93402758543,5.968045456631383
4445.8170649857975,7,894.1743406739448,63544.36456595226,6.965202976740805
876.718175288433,15,3160.006664486735,9072.170223493104,-3.4093369595458007
350.97235981302936,2,4563.94140785457,3261.7948341566507,-26.666406274760412
9630.219305311459,4,3262.0961681510867,5770.292841589886,31.750868031880067
8376.203193070838,2,1447.946175016191,44436.53492415144,-1.3987179812075343
6990.14464032761,14,2335.853103793755,27554.793921948338,-19.535127154833255
4148.634149701272,13,7613.952584890925,62203.95623709938,-4.56785685876388
1815.6137687013731,13,5579.12107032837,99244.22893747789,-6.634725756884165
1648.726722443752,12,4128.129771114605,38632.31730764659,-36.72982516776861
2577.404691829494,7,230.53287285430935,57384.125410451335,-11.160684463957825
5537.343980590593,2,8130.837789547088,41560.389590733546,36.47052475060656
7174.499634730617,13,5542.6125949904035,84727.16677218594,-32.04545572833212
6635.954029505539,14,2683.662857309636,90223.64034622381,25.856975444920053
2871.345579764834,11,7218.422474222567,87735.561220526,-14.737274988779728
9553.16627856562,1,2211.992586033221,97437.22386792576,-23.24722117064222
7405.179475288108,9,4514.949694529709,2751.9185140415293,-30.636410165837752
5588.105119862867,1,5257.274638717309,83981.6162145531,-4.619330365546144
6156.035387720087,8,1910.6550274028662,75177.21730390933,-13.480297109547003
4254.04061803512,15,8017.795656248006,22869.44094003648,-15.00253494406703
2552.536796061459,2,6161.419529814636,95632.00933875276,-50.51305308267802
3624.12951864749,12,4626.205850521268,14817.792822994546,-8.834178845858588
7602.676493597254,8,1584.3148396856263,67954.99271339083,-19.532274403173464
242.4955374345831,13,562.3125812320827,22489.021681591246,8.663167421402239
1249.1191410184708,3,2708.962489449211,43138.064877407465,-10.057768142037828
555.4261560153523,6,6201.70267680568,71915.98969445689,8.44199057751935
503.21514295780435,3,2299.8875895075303,56332.46420330467,16.76156335243774
8569.059781708971,14,4478.981362075753,42750.18313281117,19.15938302963381
7066.2128078622345,7,5998.166033156713,32633.84309319872,-11.905776559451022
4794.320907964519,10,998.4581149090885,83965.96557087904,-16.533727682435924
1068.5581904449145,9,5654.243201958403,14381.435031481371,-19.97302149153266
4966.997163656641,2,868.8468384938005,43010.287652980005,18.96931669298752
4787.3705307276,15,7910.8062405121,90375.75717751421,-18.674205216083536
1814.6985121091502,12,4066.410264843673,84584.95504599677,-15.043542005423921
4395.131327455933,12,1343.0521325724512,40094.17624730467,-3.9788821610141634
4045.196870533997,15,2888.981640974519,76310.83636013082,-28.393797048878035
6196.915970716943,14,3461.790247116988,82316.08307088593,-24.553358111211335
6387.4271435896735,5,6242.003929321198,88888.74240036297,0.3884469423694812
548.5096967432407,13,6122.969410921777,54450.5769049228,-17.998964373720327
3808.664884802065,6,5062.6882350402375,20446.08860547118,2.271742344860903
6296.01316557094,4,982.2252660716872,25530.907650393165,15.90254359082867
5081.048959942868,4,1350.2554124829999,29569.46740416042,-21.79849822730852
8579.249427764391,4,884.0558080857686,59380.24808096155,-7.501873028197053
6621.066953027555,2,4782.3213244308035,3280.962412860844,-12.24558446663448
1713.0508281061539,4,7201.244392347961,63604.246877996826,22.916305682203312
798.6305992642555,11,3626.1673308224795,36435.4238428232,-18.77171825845284
6459.950854242525,1,1425.0796747952654,29524.180248964214,14.341194351033213
362.46197436205597,12,4628.05331000127,87949.65707281264,-14.281657087884215
5899.178254607286,6,6673.969876805084,46000.23955807989,-15.366051228028883
9408.27939010708,1,6109.166064040268,9505.304553269278,49.79560284235686
5797.194360971202,10,7236.019087299373,82674.6768026247,4.677326979842523
3942.882269444567,6,2369.00251221487,4764.12574365066,-5.9050183312132445
6468.553362579297,1,1692.0439856473365,72674.92241681967,-5.945620199639453
4636.703615866015,6,7222.840142635794,77390.62217706651,-25.27966018643419
5501.606214227756,10,5430.566362241978,35260.26059288582,-12.569529683512371
9420.5016068876,8,2635.3308915809166,82478.78562777868,-8.183780449786756
3922.4161142276653,11,6114.294679816714,51565.940585645345,-30.890859390777397
9615.786581856752,2,6701.114652449686,46329.36532727968,7.765100231576014
9062.97135536503,2,5087.1845301108915,4540.328146869255,7.765976091962437
2038.3322344140347,14,5675.097462071635,29002.91936489059,-13.503272218067158
786.676878664138,15,3154.0958694256615,93100.99708852998,-26.076000803076994
1097.7022136365238,13,4472.041861454267,39182.39632835,-37.185817779008374
280.3960739503423,12,4354.819552735772,54670.05205567683,-36.70328673356196
1034.985311483691,4,6966.657387678544,53202.16789842518,17.064513667600835
6861.767056821933,11,6901.46953699552,59043.10898226933,-28.373377184179464
804.767619756267,3,6842.735304814556,6133.095564328261,-0.4362706009434394
3257.858739908237,4,216.95893741252416,36217.625479872826,7.47987519992211
8464.2655785976,13,6172.334786757115,72312.82738825542,-3.186573930312554
330.3921637846761,12,6245.966409855143,20056.025107298294,16.350599285504963
8163.237977630464,7,5598.4468275038635,20357.837754636043,11.063238816648582
2890.3622702566595,13,6226.518201236674,1009.0606689024728,21.380560782227633
1269.831793454397,11,6917.649075749459,43748.192660820976,-28.309093058084688
6997.697937105091,1,3920.6528522767994,88273.4380673422,5.1040084116770466
6326.534183120852,6,4176.532921570838,5190.094358730901,8.482979494642017
8786.972933917825,15,1133.6941549334529,19111.870949600263,-8.700878690226554
7377.203333658469,15,3235.6711208939255,31008.453834275508,27.78490664958879
8054.461210810001,3,5316.096810808629,73172.4736564213,17.083539783422747
2892.1422684559343,11,6421.143794851621,64063.559280258654,-31.888504476118694
1856.651483419256,10,1879.574163781922,41594.3904581855,-47.79752698417754
7531.086041244497,7,1239.4038588200742,75906.89392583758,1.3734120587754721
8087.663918745914,10,5474.77072429197,60963.10116569019,-1.7195773750093473
9906.000905806666,2,143.1593807448794,89604.0799657219,24.902697602277566
4184.915001423122,14,1566.3965198543078,81802.6749138693,15.16553931100422
3782.9790493485534,2,362.4316110936429,25281.360608920055,24.67673839754933
7786.488311345769,13,1473.761590381679,27143.85776342002,-15.55134202189649
3473.9550485048767,4,1590.1586733192742,12535.647579238563,-29.790818385765782
9314.497523475291,1,3254.1998680671786,33696.47257174565,-4.9390599710642284
8598.286243245817,3,3372.365933472387,99954.39187190944,-1.911361089014548
4347.040871012681,13,7178.052563000957,40575.1168615061,-17.978622120612734
7533.623571135824,9,4241.5247215905265,22048.84346891064,4.041865584381924
7569.974453438355,7,5961.5360298974765,76248.2884475553,-13.406379639789757
1120.9263014757328,15,967.7636542691979,54247.10034626561,-11.413443565492534
9035.27377612771,7,1945.9381240592272,14960.144952695253,10.050948637949666
5101.998487233785,13,5796.535908052049,38068.96811608658,-6.306621675342088
8281.928914466642,13,553.8111372182105,41446.97155393433,-24.69118031576154
3268.491050203056,11,4051.923548333625,75382.97005692185,-0.15704428777322654
8965.679962112385,4,4961.311339105899,2067.1368891904463,47.865388687925396
3953.0966194682146,2,4983.702473639207,26901.964679831046,7.918097135265087
207.29274965495378,15,312.93019006549093,51759.63013155221,-77.9002349455309
9063.28156655071,14,2725.478946104152,26884.674245284335,22.65386845123488
1003.7381001827222,4,5260.6606100603785,62843.40474189989,-20.720968101706667
3261.205012145107,6,1329.5338723074992,48186.747927461656,39.547297738873716
9505.613473802969,11,5735.831788117422,36171.02548595807,3.206532322857598
9511.010754681805,11,6143.1408838734715,94920.86268705122,-29.892893332179234
5777.035092420532,3,8046.599551757716,63215.94991864574,-36.265008830404916
6355.188400481013,1,1820.1658465220855,12994.137226794122,43.72826489859587
4539.610667585366,14,6781.853704059553,56009.169744339546,12.061800794520519
3002.786639810839,12,4323.671596272026,78073.1853200901,33.892810745179254
3353.778999162168,8,3139.6023753066147,70848.96974927973,-6.727357684516157
6757.93271516268,12,1114.846171070235,17208.92292952594,-6.967432411377654
7548.507841433032,13,6059.1172107155035,97241.99990401033,-8.993258339969369
7936.6325328859,5,2029.9556794946927,44881.3645746606,-8.374525124736099
7917.219613666083,15,3123.147023104241,15902.500374026129,-13.4422796864479
1002.9404201820346,5,632.3405177003791,18019.575412814793,-5.870840860001126
4994.761016555556,11,6590.222809168601,9823.49921890805,-26.392282799517393
669.8317241647784,4,6309.769857307332,80351.81084349343,-39.91322843399735
5540.335935004981,6,6043.878053461208,12203.049432184866,-0.22314255799477056
4471.151963596432,3,2542.712468606574,12512.525714174693,-17.049133227823756
8888.271409307168,9,1526.9433188806793,85047.16147608377,-60.72841144613743
3574.058624265579,5,5269.229524687933,34460.408444755965,6.321087596724911
1258.9634626332981,3,4129.085721489002,3085.790430807245,-28.92044224807619
1515.617652323075,11,1565.4278931190297,5189.5299518410875,-3.0523161729611665
7638.955254002975,1,5659.188489746101,14217.044670389556,27.993449091977986
6220.358826830984,10,8120.443546206992,21339.334797568954,-0.14233115679533181
1101.1144936156234,12,6153.578755551792,66514.61942384054,34.80061607024561
932.6573805384746,6,6095.250222232773,15732.628000182824,-15.223887427198822
7039.594401445288,15,7791.322039632291,11887.4391177072,-13.586316857160803
820.3537630055159,2,1764.4788681240113,76471.91414762792,13.172517213009638
8236.414586974526,13,4688.594917126496,67105.52838599145,-2.4851696623733037
7091.798048849312,3,8027.871110033237,43532.42214552362,29.885205764747038
905.3529283548077,1,1460.9317108634875,54930.977148010395,-21.201084801385043
939.8933694433999,9,5774.831800960617,31198.402032641847,-39.941501868371304
9867.731827161637,8,4851.973017117417,48250.042023536065,20.13206219475647
3805.2808779855914,12,4857.3673994097335,50667.264898274574,-33.72849514577922
3769.3572559622203,2,5754.015940321886,38723.72711780959,15.353143250741557
8146.7157158492755,15,7624.430866069518,90657.22106721628,5.688767929742536
9477.760916100202,12,6438.740762961189,1606.1864981006147,-15.535605406308655
9861.410531846423,11,580.6815379483174,78217.12630912462,11.552945054782594
7558.444034063522,8,7004.398752277735,12438.283124132433,-26.42550188576791
3824.969896756066,12,1946.7652845211078,79754.73605371994,-28.680796759274912
926.6570953168208,14,3167.4358244341033,61591.19156767212,-21.486139407328935
7793.754467681624,9,3851.4134089702497,84327.80909364024,3.1840615852112077
5628.20207238447,1,4006.0259900727538,9751.432564089746,5.0382732841253635
4299.797891545065,13,3637.294739595197,55898.0634099774,-1.0658765158567185
9072.908412437886,5,7686.81696455673,50108.78802621971,14.668336283893002
1200.8550748308983,8,5821.337277802694,70619.31829633587,19.121503012520492
4976.988532479506,15,5217.76008899488,53429.05518936758,-11.667019373315153
212.40108319744877,11,529.9261120416407,54073.45671331042,7.60638020269003
4739.74035574185,14,7417.157095219662,42959.59435760647,8.068282865072383
657.4024292501898,2,7461.322508355707,30883.442400734086,42.329555728558645
1276.297371053912,4,6419.638143500345,48226.43612521922,-9.47282518250175
1263.5098430933383,7,184.6834995530249,11849.235876840059,-20.990872448877703
6527.18199094903,3,589.9079446899548,96151.33389830848,33.984036606338336
7485.8443047276905,13,1944.2039350931013,71441.07636265983,5.291867722917643
5875.35077446188,12,1187.2016272805276,95246.71166878467,21.922410346118827
9625.508229897965,5,3344.213743530874,22672.738232996326,21.266834259079737
3811.21873728467,8,7568.032340419936,87934.10201765281,-47.62157597157951
2928.5496541904213,12,3934.6953413645942,80878.99845635385,-3.079039926022845
8699.131369075656,10,236.07877954898348,67715.24124576736,8.43401346213993
2313.5988013425813,3,2408.061240763137,62502.91860852057,1.1348632672619137
9635.903140462053,4,487.6133411195618,31654.966526786997,6.898518948960806
220.3292994291818,14,420.6233887552814,81641.07849650308,-48.63770771933337
9701.800384405626,15,2351.4048953625334,50151.54614797338,17.245401944174922
527.2831283107035,9,2350.5378991070156,7089.1575891285365,-9.178227383366007
8922.316825610904,14,6475.388923379335,31286.316085513,19.530926753392286
5324.240979954368,14,7989.0666400268865,93529.70985453276,-37.456417458420866
9930.351481581074,7,3121.414005128946,85068.02606048463,18.130816703473158
830.5859908804488,1,3586.543791135415,98190.56980765391,1.2786361217702318
5583.157415573076,14,6940.382014210477,62799.33826040981,-4.76350624610649
9696.09510262908,12,2290.27305805022,24751.007314041195,-4.191273285031137
5278.668657284474,4,1389.0628707094043,16281.504967686378,10.780514885967076
6331.046517539099,4,7007.314723127038,18691.444060846163,-1.5882491213833922
6987.91202094771,9,502.98072905268816,1979.5658347254387,-24.765565104805397
4599.956541200955,6,5125.256285768088,39068.21109859392,-2.1681526934835373
6312.824992832228,9,4659.91032197233,19142.76804995425,-8.961134331388074
5884.711688038692,12,2917.5024886536626,41165.54604567024,-8.259564043924634
9021.46430386079,15,2669.688298129103,93499.44318387654,-63.21942062757657
549.9191653804329,6,6352.260703928594,43054.020950718994,1.7741745867635643
2881.53557696308,6,824.9280611891749,87798.44969848348,-10.761570071024058
9509.073692357932,5,2037.4286702870118,60550.47666158765,-18.244282412930573
8913.611460520071,5,6034.466573542356,24713.155466139193,23.861829440758566
4611.001852578558,2,4549.657187169885,35585.47592592114,17.50890314532688
6239.312718235214,8,1160.0969136148406,8391.953582142942,-10.62431509778816
2846.0737115132133,8,7241.541593570532,33346.25935960105,-33.170432011445754
1962.399481265237,11,3300.763434688802,67754.0945503534,-8.884566508023063
4690.614208905823,13,6803.930578598001,7211.109292943518,-9.140548702509305
3598.187057457923,1,6480.117757215443,20540.140847802933,25.905075031021084
5878.195507323633,8,5163.366800348015,38144.10414133115,-12.565212119245702
869.5729059533498,5,4115.495842763629,98204.95370159626,17.030811590197516
9746.508595895048,2,8027.097976838488,78486.18229588802,6.171148062035062
9863.486370348068,14,1296.9983436708446,73348.67464921038,-24.99482648676414
7011.800968795477,2,5975.65578697219,11619.095652544598,-14.359299493663034
5407.354026806792,14,1669.7618166120585,78099.58936149915,-8.049629089480131
3164.3234012346447,15,2855.7536814000573,78526.88115160151,-13.254093452476729
8156.5706950987915,15,2617.3466665614465,60110.269562432826,3.699875970279246
6878.838608283405,6,7764.898205125062,99036.17819983719,1.6867431523553649
1709.907699514424,11,7928.760217684651,32525.390592455195,4.518857206992784
9118.17912648904,13,1603.8365423088399,94127.24482418517,-3.1992356154076598
8243.118704939374,9,305.6915326390738,91473.11149565036,-36.61826929654426
9503.019141590048,1,5934.144831843344,1148.0659749377842,15.871173805063513
7284.623133044764,12,3498.6708267315857,45011.6526474811,-43.786493687168424
6172.810439764319,6,844.4077363861192,97710.42330515734,8.034298964136557
4240.606059277126,9,5641.793107373271,10312.136240807578,11.811763585447284
9334.011985204732,8,4523.730979894282,54778.469438331944,-15.62566148698085
8674.032506054044,11,8034.887652616919,97895.75070411041,30.534448744339965
547.6648340512751,6,1961.8301746261598,55549.542410586015,5.952430408026659
361.03304752279485,3,3385.6775946972853,18981.5302972156,16.429981651604322
3826.987332092691,8,4503.089358580691,58218.32300925897,-2.9504150110333445
8124.477974740145,9,6512.268706887828,20444.057394954685,-20.96892760353209
9874.03368021795,1,4553.834927790554,51970.42628944843,37.28807614914113
1589.127221924929,12,5070.426897190759,7404.2217912348,-29.534875101464557
5981.894081986138,9,1951.6498240212823,60548.26692144047,-0.6706797961840261
3870.819480647113,14,6957.552623306146,51678.993912815815,-15.048009289333724
9702.152538364571,15,3584.4767307699167,74016.13687614631,23.335922450953817
8436.977339043517,6,1264.6984363355473,63070.0471158785,19.944295410111746
8399.454176640265,6,5484.011342571685,54960.626853075664,2.8610068667691353
4740.062281970206,12,1870.5534144863198,68977.88492481211,-46.414877208576364
4206.713073142885,4,914.7440825697131,14394.191357223084,-14.964215869836664
2806.730012113992,1,7079.062429372052,59535.96612586041,21.83333247644114
658.1174168441785,10,3838.7485008347776,17211.06028227777,-11.261264022477977
8660.751524925026,8,6170.223859178741,92552.22078518808,-25.53636465751211
8147.719990387768,2,2471.2980822784475,6833.410484560421,-25.536947911449463
9997.204965532694,12,6474.127167976061,43037.474969079325,5.372593874363828
9966.704687031663,1,1030.6513155016205,69579.74776554448,1.950215822141132
5598.773885466012,2,2998.5692862816923,45802.221166825875,-11.821039768191481
7712.975410287054,1,8015.0905001385345,9209.525323290236,28.443311284229967
9453.180725836037,1,6530.733072791601,55337.901612670736,44.90990262916739
8511.509167706374,9,4137.871822057646,64163.19088273546,-13.003922198279636
2548.746207257657,13,2867.9655306750415,70379.23109905077,-13.333880937816755
4560.386939569926,14,7160.902284981251,37325.98144627589,-12.456540151486852
1378.6782099998004,1,4521.652329257534,56365.99710287622,1.6191418553052936
9545.105169861352,13,6243.939344096512,45068.64749389131,0.8458313653136168
6101.1288810637125,4,6209.124334069546,67205.60387522534,18.814181653551373
2363.563774484281,10,272.7139519763181,58355.696732481854,-24.419395824613694
6749.836775617981,6,1146.110504439635,52575.621955913484,-29.049714333717432
6219.4695805331685,7,5447.251210607202,24952.436683824864,31.181423516868378
3645.810908525121,2,1431.3021582092672,201.85177482339168,23.16664990899215
1224.2201627763272,6,2188.298331302796,17408.167531142928,-33.555776987470225
6748.574636368716,7,7761.688462665632,11706.604142416865,0.34683400990036706
5251.046238947553,10,4645.30973153529,44908.47450109467,13.859313659805009
7745.95207818283,14,6181.882744442735,61225.815076184466,11.635365664922075
5249.618661008734,10,4627.556677543208,21308.500868480816,1.7039863499368337
8536.596853153547,2,4583.469789607896,93905.7095967187,12.141750631553496
5563.877703867407,15,887.2410032536279,668.2129223887779,23.744977036300508
5653.285918200324,2,2899.299985199807,77230.10151653428,13.501625434888727
8778.870666317616,10,2405.5227670080303,62520.47695304422,-8.526562039785476
4094.4803755027306,7,3278.8335403081774,37355.48010476819,11.338357143586236
1426.7507616613432,12,6565.8475338409835,5048.894441240792,-15.66243328912437
384.94849550205583,1,3127.265034081598,62748.65717842794,10.344064846512612
7575.858831168828,8,3770.4831502842894,38561.35128656481,3.893194324714518
6241.0645583993,11,3332.483532873592,93626.71394132191,7.338537437196095
7070.389704182313,13,881.2418860087837,54199.00748897659,-23.53484733039312
2208.345198938216,3,3684.80588413432,93965.15112935082,-29.303104117953307
1450.0776083090207,11,1705.3931778309693,22048.36934733041,13.089101902720044
243.9921901120311,6,1633.7366571138064,72572.59103641033,-5.6299656697263245
3570.81683218531,9,886.3071461579239,61724.90208487257,7.7693185873591055
5940.185099860868,6,3004.194735479191,73940.82298313118,-34.49995415744896
3983.21604648735,9,6236.333918941861,21466.78639725368,12.00593234524355
4431.0017280349175,7,2357.225792864506,66499.45162377738,-14.295530759647482
9051.17107548811,15,2646.7831576047815,49804.0393056869,-17.710689793555588
3547.7291235306734,9,5310.528439470424,74282.49749063162,-8.764410576105139
5188.495942682127,2,1707.2603127009138,32704.464415181777,-13.505756615967874
7858.164826137317,12,7361.068750935381,89005.70254652525,-0.6052390929968878
4025.7735449805746,8,4322.816379500535,8430.131461135037,-11.546726894056325
6258.658332255947,8,3737.4701107422297,80718.9318791188,20.514300511205104
8637.400716592778,2,4626.26202771708,86131.96258150908,45.62294585533975
9500.254174210657,12,1466.9007033882,81725.23113668212,32.45483116647647
1556.0274611974755,14,5075.047389986317,51272.6394261776,-61.43946499969653
9273.217489098795,4,3056.04434021666,43838.49800307613,-9.608146616334139
4971.951301487428,14,7362.910653538687,99626.22865248768,-52.543053921984125
2656.6194441596876,15,1489.640322648861,22917.19512141621,-39.462107041923446
4645.443986758787,11,4216.860101570916,54687.59658760446,-20.797632149658188
9802.322495326223,15,4951.180243231761,67067.55253823256,8.801207078076708
4976.919130529409,7,397.20536480537817,70086.76358614319,-12.70706955853678
3354.6409418463313,11,3060.821358033515,20402.46657385787,-21.848405292086625
6370.668457735585,4,6035.970532627516,65399.40923398012,7.779331064656364
2477.4416259041113,4,6743.524220068521,81836.95664813372,-37.05100634717338
851.0469482757728,6,2653.338326206565,5001.857682111222,-29.6688576843459
1375.9092469154273,10,6567.856148494506,91152.12933253165,-21.992811408378568
1367.6538056819472,6,7931.983392961728,2950.405514520593,-16.38990447015687
1603.836665771714,10,7037.8314205095585,35597.103248839434,-12.73299028532535
1474.3890092291604,15,1076.6811205167983,1581.3196232962068,11.048309990926896
6444.659973551825,3,6093.185397937799,7714.516853958186,21.872282116590817
1900.6128355515339,15,2705.7933368005524,91116.82851800791,-29.21370740930258
3522.106104906246,9,8098.586538618985,35486.083074614784,-14.885782915117597
8978.205258069516,12,4041.9348402013297,42477.15304250529,-7.023529900370599
4792.220238602436,10,1115.3069563665003,21534.438138255264,-18.37653080731777
6708.821611358169,14,5975.896259292879,59709.577018671975,-0.03205926056128927
1805.9667248961355,11,2732.762303786428,59480.321467778966,-50.315562009212044
2003.6612862058407,2,8168.43825870652,37220.03918252193,17.033640719152835
504.59930103814077,6,8028.965740138865,33303.487180539836,21.315268059536663
1772.457124414429,12,5419.064721317963,88496.43081805878,-18.042471191907595
2858.04435641639,7,1174.9204843466505,38328.423964220136,-14.064830915029011
1852.4037943397934,12,5666.847085251435,49350.09921544082,-11.318840340896466
978.1550841948506,13,878.1978428136593,28330.476242493063,2.9446146297483367
1294.295123895948,9,364.79257900169165,78676.95033571274,-17.732228629931864
4661.709803523985,13,6764.336910330064,39744.81568990916,8.647512963863182
2142.703812217346,3,1819.4477701212065,51361.104654432456,7.407908143972646
3706.271624375947,10,3184.4747458308016,25335.71700596614,36.9265657302734
5083.830981463083,3,7977.96039276786,98765.95923412518,-1.1493729777278388
6934.908803430716,7,2844.2818070079365,29149.574092372288,-40.293311921234825
489.19018442687945,14,2518.893596268654,77074.25309055517,-45.44103383062334
8014.162949199522,4,7532.42930895806,42749.56503567592,6.446118317973694
6316.213855959987,13,1021.0754630520782,20621.740508413986,13.382019043696136
909.4144162938319,8,6253.272555164391,79971.87639648611,-24.65906885195871
8748.428378657094,13,8095.76072948797,33360.678902904314,-6.873117608887797
9216.63676526495,7,7396.051030886768,86519.3347397811,20.02881085480106
704.6718025631511,5,5383.050096448619,91525.7184917823,-26.928218508869328
2841.088716657317,7,2660.586250821391,85982.3835391276,-18.327181275845167
8081.392669951307,3,2178.852456221946,3500.791480680565,-16.27238894419747
7507.770934798218,12,6734.473165683463,78737.33450051057,21.817078894782682
1926.7580916281356,2,7222.883914106471,41133.94664991439,30.34861679195613
2172.558301033432,6,4365.107134768467,87372.2920182225,-37.86933391492299
3767.6738176346817,2,2098.357282502063,63795.42626847388,1.8781532251920083
4896.777553391111,3,1038.7740326277035,83364.31341439585,32.99575179374592
6220.72223814993,6,831.0152285958866,49943.17698668354,8.29015789678777
3752.245031740747,5,5926.640535461492,53502.55045989328,-13.250517145749681
4679.093689718165,8,3515.837421364054,14438.763213366723,-38.07159415950523
7499.962287524189,9,7428.8220261767465,78398.73586893555,23.539049641361935
463.1637086169192,11,6092.7093690606225,41938.96116669716,-9.730140501157814
2599.1257490058056,3,1670.3240100632272,50008.01182715826,-30.958669951064607
7162.160900257069,12,5077.501105329797,78509.77140957076,21.45581238619206
8962.547693103274,10,3639.915984266757,59884.5400079439,-30.112746754889685
5165.6066769450945,3,4782.941828918096,20109.872744266744,-2.553502561473631
5367.923504126625,3,6079.789410601802,59023.26591508927,-1.173912116487294
1161.002912263783,13,6629.163584414569,40763.285797965575,15.394005075100388
4529.382431552201,13,6931.8978001438245,46952.554204386266,-15.166706318315924
5372.9109379047295,6,2176.0533885488076,2831.1274402667786,-9.206033106106528
2500.4579859838236,15,378.91619773357235,21002.93495162816,-43.06956348620551
2765.5079863988717,15,6089.6727443687305,28103.808138102824,-28.316512363021708
3835.1132147357644,1,985.5558085265664,71296.00078588058,-5.424818380550125
298.704857999491,7,2667.5115625749713,1149.2473298115312,-30.73333600975688
3288.583739273465,12,158.78136957873537,40877.726122913205,-11.25851739548017
2193.335269265792,1,5624.982706086665,92402.68704257328,-40.42672167326316
3342.223786561355,14,1475.7525405039282,11188.061654912384,-44.457368136720675
1285.645105010587,5,5412.197351753532,51642.438821861106,-10.678144999880088
8916.22007932496,15,8125.412464841453,78652.2382390847,1.6243334258566113
5976.565290185082,10,714.0179086631713,94253.13075201167,-6.690760734230639
6823.112959530447,13,749.557088376579,74677.6639533718,-4.2291559412434765
7912.7952622126495,8,2872.8250672640665,72056.55486444061,-5.9254337517396385
5034.577769397667,4,7114.540850922823,82648.80901957623,1.8976716594698573
960.5108520654945,5,1866.0328619333,44620.12209775436,-0.4726071102312197
5417.354764003623,4,3034.0867399183226,80584.4532617833,11.765426428047146
5909.727068406703,12,680.4275990399633,796.4404745451126,-22.059995338629612
7479.850794424867,12,6282.084268711684,92456.10553768049,17.212552454259583
4373.429507673826,14,3420.5823480122135,44330.65095171753,-7.591750632195847
1363.0449976760813,4,6250.581783402637,55338.01878657476,18.256308963118155
2909.3814674073724,12,7414.693656812556,25488.224891488233,15.010283451805044
3694.5147343464873,8,2005.0020182247927,74253.08328404215,-34.83615561691609
6494.580689182852,2,6638.8415886613675,7663.580647524881,-10.168178679289722
5750.705216222228,1,604.5331295910344,87263.58025468353,31.88967769028741
3625.3575863886776,3,7376.305338285514,82811.68290063427,-31.55430159235131
9866.5009630505,9,5375.797567513739,21606.01162447664,30.905846835936458
6097.170711633183,4,7177.764303451667,80932.43982852624,-2.5742522437848434
2448.545238186345,10,129.51925402427642,78635.77330614816,1.795052573722522
1107.646478941997,5,1491.4697513507235,63221.6597753949,-10.213136124165802
1613.305477924887,2,3271.0197002072323,37352.01768996875,-28.870684450782836
2534.9815110066306,4,3188.311412813731,27149.875418186788,15.883342601717155
1690.7455952696012,2,1956.35380789519,23178.359028935003,53.56738542294651
1947.0135381079272,15,3205.318683089102,31860.896276360716,-27.043650585278005
2922.4421700690864,2,1167.0360135700548,90355.84434325303,-1.9712909921875834
1816.3985934180728,4,3456.505746401234,7764.077598878127,-60.639265238819604
8977.97770380161,6,6598.185310340306,82887.12762529586,33.984001957808516
894.3140820502579,7,3991.2209888654243,34889.00750418236,5.569342694674235
5292.662756745522,10,273.15271725421366,52159.93960113582,-40.060308815803566
4162.928587197649,3,3526.5247512950514,79448.56336484906,-38.38216770533723
9825.548307395204,3,347.13932975656735,88437.65470229714,-23.886861377159693
1209.1851314637183,10,7919.786863939621,34478.1420072647,-2.264952716884368
4038.7704305528423,6,1155.7887287860153,46184.34812751103,10.6125419766543
9697.757289426152,13,5834.7986635301095,41451.60648167923,-18.282037382313447
8668.520546350404,12,7972.46826780178,1325.1033503910548,6.616356895639198
8189.013502397871,3,6789.178912639236,29594.28888586566,11.422420820477031
2653.2379877449043,13,5767.279185017706,45918.923373256184,-21.021992898070064
1791.7871151616516,2,6897.4127742141845,41109.36088804398,18.667294724952935
6719.567877251867,8,8045.224662453701,72192.92275156795,-24.5824142295286
9300.8222923631,5,5138.522025852462,38480.36172211033,29.884108792950332
5611.952640837905,15,4637.266282271688,48937.644897067024,-23.245019925857715
5758.965625752008,1,5194.112122775901,42960.859213236334,48.57600596287482
2871.7930272368135,3,4423.49835084518,74062.61488943706,-20.113395834371495
7717.980038600175,10,5249.358550055972,86297.23989869625,-6.425824815525631
1951.7331107194814,8,3755.527565090718,53188.907900751416,-9.513701559418308
3304.4244404020124,4,1889.5258267709885,78943.21941951911,0.0773391554081968
4311.820742302526,14,1097.6736345901522,29678.66820198506,-1.519625310485047
5125.342748976104,7,679.1013041321478,54136.96101572687,-28.58399173080733
2499.856350909294,10,2251.3784801858055,34522.995366997246,-12.915553370063078
1236.884564918115,12,499.94042280335765,41420.09255718303,-12.795438788041155
6145.138420172163,14,4701.665169269925,73241.38648126686,-16.40056384731292
2957.442477078532,14,2416.7925967976676,88166.24823327127,-3.199697770165198
5854.2583920838615,2,6777.048692413828,12149.539108776542,-20.979810296081055
1628.1908812146028,7,726.6783997783483,63463.92564873805,-15.936350659787461
4863.287008362693,5,1953.2984503697426,58214.38075777985,-15.7438540944069
5372.6353822607,5,6016.704930134936,11841.503917593189,-8.782450148402516
613.0530145420264,6,4956.790102036475,21189.433044010908,16.188166375741414
3432.382354119814,13,648.057611353287,31100.249473268028,16.974727088444595
1430.705301695845,9,7202.058982555985,16693.107081750146,10.677949094952057
727.4122076804007,14,7202.238855430312,24372.94825243418,-28.53279246354779
9900.606300660458,6,2792.41014325424,26760.07988617075,24.429073776311647
3291.3030652497573,12,2873.0327207708897,33567.38330390596,-9.907042147704187
8117.757013960885,13,8103.524681735802,74939.0452801159,-0.525530292059086
2620.942482161262,15,5177.484647727067,57191.22038506007,-15.829729980353605
6846.8769500169,14,4412.536421860828,98624.66719514015,32.01661651616795
7626.255812907897,8,6886.8592081627185,41473.5826967471,27.177559511727992
5996.823532017658,7,2428.5812885133996,75386.5073836925,14.600813229026784
4768.604266646568,9,3588.928433148222,87146.84213765338,-7.68834194768994
4177.2250500579585,4,2287.3511111379266,67897.84930380419,0.971940245039788
3553.7958387756535,2,6491.7930668915305,41186.4740417496,13.427353384228292
9302.338528053477,7,4751.489123202398,75359.4630745753,-4.316119681177728
8323.132137098519,6,5440.765365609529,20366.713777268487,21.35922308904496
9653.766415598475,1,2162.6056627049743,32755.216518013243,2.0553531865103842
1330.5425125068928,11,1903.896830306669,54668.52550992888,-6.3881137844160545
7335.588004516078,9,4066.2530081184177,57540.938728614834,-46.46155645049356
9389.570522528275,9,6075.730200684556,2214.147547262946,-10.479788432706908
1894.2073550400355,12,4363.533404642571,94511.41887560087,29.52770464801099
758.3130469310972,2,391.25474372827165,69662.727121739,19.980613289742948
7437.094427971585,3,7131.999346966809,49570.3750231891,38.42866664188289
5787.283820481128,5,649.635109306021,93312.72344083084,-10.236332238237765
8434.104889906894,5,7835.768636724146,43909.55652508285,7.378442271890508
1483.746528600266,15,330.74475154792725,98043.55702703718,11.663250469781893
7973.146387412913,1,5728.048478238035,51228.47572434851,30.412776535327474
2096.1104684726706,8,790.9177617718072,11428.576999797946,-1.9817976008916816
1720.1938343704746,12,7471.695936564965,76480.09724592773,19.13238901608674
1726.2313995168302,8,3873.189616922777,67889.77250778406,-31.220029770737682
8164.289730290683,4,1236.991720124412,77298.67213055868,5.066688458428797
6685.452484892381,13,2876.337803105323,95144.2028725681,-38.00950600067824
5278.347705214282,7,1457.146181996289,77648.93026510181,-23.411986149142134
3652.421792822675,15,1503.572534796374,61133.660221664686,9.79307355890018
8784.285354049773,15,7773.54549386251,85730.89023608409,-19.037948835849793
3985.20656348409,11,3718.4646494645317,67324.64393545316,6.254176074884997
8184.334450768613,10,6488.9014561328195,40811.90568259231,32.352747102782445
4447.435594845162,3,5285.7792453368265,88561.97642417732,0.24827455425919043
3831.7498513065852,6,5582.7021858967955,22190.046078437288,4.08902022405757
4680.529878129104,14,1189.9758878385187,71464.12749087242,6.343089813425864
3083.6409542250067,10,2016.4633791200765,88156.3454940757,-32.72453330694423
7501.332863744886,13,6472.354702685379,73131.65197032962,-14.993902899109752
5076.931861915544,10,7956.2586890126495,69727.54190538569,-25.745642784097683
2398.9056819534912,12,2246.2163819155276,75263.8294071836,-22.52665521854953
9005.788275418228,14,2317.9305189523852,46505.52483006444,13.065159208124811
3900.523091594793,9,3941.442478987137,87417.0682157026,-17.93764072911054
5481.173325028487,1,8061.688282866251,20343.64751360912,10.378595438583087
9074.073898549015,5,2296.8849391446624,12738.641600033929,-15.418914035745823
6279.956159548522,4,3409.821479290704,28550.878011851157,26.84160785434059
1257.2906030128042,8,7316.894845987958,53157.73967749932,-23.220652447225408
9404.338023773404,11,151.55520705866323,51056.17954093381,32.514826119862796
6314.309725407037,12,448.6727416678248,82059.87576765867,-2.1408770476700525
3415.5655851051524,1,4999.234003902312,40456.86564040174,-19.993069722039607
1478.793519367534,9,7445.113648244398,48434.442629150864,-16.481873099305282
7960.84937377593,6,2054.1401094811445,1336.7683259395635,-20.054301364211035
6238.720283692284,4,3915.1912710252373,40973.92364429391,14.597054515378575
5381.2648105655835,12,3760.5521925686467,64777.42329503421,-11.718341472314954
8949.53657220448,9,3942.040934914194,1550.833062659218,3.0351665334042557
7907.112391122854,11,5147.998826364666,28088.196518624376,-10.069085337940436
1601.5813093542367,5,3916.0137047568737,20795.635928938995,-20.365185570484233
3186.0484711759273,15,3736.3830916243,4198.542890958823,-35.16607732287673
2560.0424841632107,5,3952.6618223576847,47926.00899145375,10.73663887280517
7465.0682964695025,12,4892.7550464096785,18172.32932281565,-8.203044487103876
431.9711038842159,5,4458.428386065354,74308.15396313801,-15.257685906119493
5741.907880226034,1,7015.752685053667,84792.78837633485,10.921576309933398
7648.340988832836,1,527.1426265729276,54558.518266914776,4.217776153176974
8779.97980394132,8,6847.868864358373,98170.73425211415,-1.2215830597053907
3486.609312287484,12,6933.408076100943,45047.857147059534,-7.373716310438682
8230.447316252927,8,2425.4982856256684,51336.82102249155,-18.783030111674588
1195.2541958565516,12,3860.4381652478196,98921.77539577501,-30.951020142662014
8479.87768817173,15,3664.3743715658798,23154.84359650488,23.413437058615735
1362.137757086626,15,1890.0633042317068,94254.59396769053,-21.917275635254086
4033.144176547636,6,3327.769774904056,4283.755511911325,-17.661684053295133
7993.22412121758,12,485.94299478577017,44638.68902631948,-28.75874376316457
1584.1825307528604,11,2368.3571949119064,7000.351213306577,0.8621154866778298
2369.5888128031506,13,6713.725062834591,72923.4742913643,-34.07213302964638
7250.300427091356,4,2422.710401416006,60840.893588001774,5.6542270637181264
7228.361711806137,2,6726.018576785868,70663.42634675963,-22.539107164575263
6447.3615655644435,14,4414.81808257013,37448.03999680169,9.353681527083205
6970.08960022429,2,7223.212630240394,36948.19340313803,32.929641444398484
5472.971989141202,9,4763.022325588244,4531.927896089461,2.5950041341836227
2592.8106831788323,15,367.24455079406187,34994.49395296398,-45.61029443013283
3522.3903356888027,5,5574.588553659727,92928.84022620594,14.844330588239533
1897.8173963341142,4,489.6991725420577,37922.653718044894,-22.166858878978676
9093.66055720292,10,3761.6143610799922,83136.770622197,-20.109278684044167
5875.578768184592,13,7622.896864231191,84232.5504749934,-13.099122741046251
4068.429025960035,1,1460.2045668204237,37324.11563792338,1.553584135541307
4673.857456076914,7,3271.9306541206115,63198.86803961891,-13.732603826169875
9478.105062156972,3,6013.59353055413,9537.160227305863,35.342181152990385
1618.178890849194,6,7242.532996348851,10367.85807342765,28.806164132612494
5903.675336966293,5,5538.484390243584,4865.766366171331,-28.951804997062585
5108.297920956214,5,2209.9091217975883,58101.50933751095,-14.000576582312672
6153.396930803014,11,5568.037725916367,42607.0977626097,-2.6372395638958817
279.290819826321,5,2520.8116978633816,54803.235666424014,-17.853166551697118
8734.026698547099,1,5921.413309258281,52107.319050838785,27.29188713515839
9327.970996587763,1,7821.323140845767,35020.29910907303,37.8422816196841
5694.818517533168,3,5945.316789721109,67747.34148234728,20.204365841404226
6996.843156381234,14,7086.2683754856935,75850.18809163907,8.026608676461215
9232.743873655227,12,144.96539137032386,1462.8258877675714,31.720884687310253
7101.662479702646,10,5914.501613835577,20724.229976887833,-35.72914791413087
1610.1365248511872,4,6817.794058561379,71323.58680833368,24.47257399675236
5805.254765651451,5,455.065659560311,38662.01726338342,-7.805048267155735
6106.478959190274,2,7156.564072852291,66248.39469416082,24.836739843135327
4298.893645893621,8,2197.9822570922097,34696.26597345584,-27.36508274309231
7390.797932684756,11,5492.9155103510375,39075.515232963706,-21.358860451841068
9350.233446213248,11,6582.061744444751,15867.887368968492,12.741745842158082
9263.128277777085,14,5471.726633310643,25823.101966616003,-40.609358640687496
4563.309776900908,2,872.1845632787464,60541.175750758724,26.102014752568827
1221.056653823477,9,4936.73672809001,43316.31113151664,11.526783140327925
9849.927869727113,2,4559.842607807366,77430.26829445951,20.906622719618124
8405.091055814748,13,7388.190705750925,85258.49549383427,2.529186886848842
1334.1605439123418,9,3387.7891798509027,54164.641821675985,-29.45601351643767
9216.334637911987,7,2717.1979669099724,75826.72920560591,19.624445101197885
8711.97398441507,15,6174.796564415664,30690.451319457003,3.461575116261615
5236.496765548114,8,3455.8138295365106,41497.12154000782,-23.105652349753772
5953.626813874799,15,5338.119555240828,71277.7676216831,-14.753482961815298
4050.1267683142896,11,5340.97352676483,38621.19928170307,-13.069376820013616
642.1402243381102,2,7289.1470149999905,58850.49351589888,-10.02818126577986
3418.452692294419,7,4955.8555323012015,18537.277908251148,-35.76571855498216
8048.249141120314,12,4177.366710733462,59977.1314970498,12.550182315673318
145.8570277455683,6,1247.8583760615131,86151.37072268936,-14.958252669629509
3401.6417997423273,4,1061.3080602570801,86863.96398234257,0.03764519376512965
4041.870066550339,7,1372.449102442752,72434.44063295396,-15.797616577362971
5420.216469085436,14,1513.7861534216902,74575.3379076126,2.573096627407322
9206.570602486328,13,5271.8408752395435,55792.744515070066,3.931032822034424
3528.8253442230166,4,6103.272802214201,58466.809016582476,22.365089573737265
3534.836698772654,2,4401.851640878641,13365.0581410518,11.14125860282511
7401.262356286509,10,6813.19899524684,44385.918842130115,-6.277969169801006
4576.957614809091,12,8121.546660380018,45077.62838863638,-24.166989140996222
2323.5877471058216,7,6740.581841218487,95849.78356677401,10.370426693146996
4579.151209713665,8,5731.531461322935,43108.68626232894,-11.730386362225673
1494.4845017600187,2,4422.02112826115,54934.26449027576,-3.908829339746075
1846.2311664116107,5,3747.551169984847,53325.13992791025,-10.568388553016959
5033.84095012085,1,808.5401567111894,63676.171704432716,4.9349878668898075
4247.361950095024,7,3348.509587054788,74823.28313318959,-7.000836098937816
9156.97442057419,8,7467.325711011131,22504.187617087213,40.46364024948805
3687.699601254668,13,6643.894487566443,52872.44190984357,-32.27211552680865
5847.82466775263,6,1870.2382074542456,82591.77073160304,-15.231384604878475
6359.416450403351,5,3890.7251757983486,46311.471383751144,29.22163475602417
229.635120224503,15,6714.055905432104,27845.754637357302,-28.1283247548255
6669.019982965435,6,671.3890497904536,65470.90753562991,-6.994027854170596
1862.556072010539,15,3251.9338108320685,82376.73957991229,6.306567355910559
9614.596142947606,2,6997.247734151514,6314.029292739132,-15.24069157060165
1571.7610047558182,1,3385.032376667878,77679.04834072271,22.87475270089014
4204.778824897535,7,753.8844951143391,82164.79329617711,-2.4117248627579047
944.9617139785742,7,4502.997147844076,46152.29275886068,-2.7447442601787237
9969.05509327488,10,7077.091479021134,98330.56568184674,14.513322323332966
5071.730602279302,11,4888.06261837428,78670.83407073091,-18.364957813876096
5994.311671468434,10,1952.7147286395652,77366.25648956657,18.018035707562966
764.0571261454321,14,3226.508296787843,74783.85744120718,-27.41592935931622
7524.60865695186,2,3757.794784571101,15060.810321827401,17.821052218684443
2178.065371646299,2,4799.203877208728,21723.08864530108,23.958834576229304
8990.737465463066,1,6251.406671669071,46399.0131464425,47.08880120941292
2130.882440771871,10,925.3168526540838,26400.434995946587,-18.485611043735485
1987.8084345702991,8,7302.153994253655,41524.09723340404,-2.175531536021504
461.8417116961393,15,227.26544512163355,88846.41099229206,-23.638926696936437
4773.462756588992,8,3112.1020268131942,82432.68918792692,46.55109001275064
5691.927219299902,1,349.1173796195113,63003.98784799822,29.94972711825959
750.5155303406884,12,3296.9441531844286,85812.03942511036,-12.980641675353667
7777.723405280604,11,4368.152797314483,78377.23890172492,5.881470017199394
4587.559464005473,8,4254.19870139331,42898.49318408905,2.174377375976496
5291.463666343042,9,1463.6269904359317,20106.515204994514,2.3627535074323767
4463.551194688459,14,5335.251473411017,51420.10400093392,-15.144743458037667
4067.5543026657274,4,489.09342486964454,73622.88825285502,-7.381802422647738
5640.439279951357,1,6272.016597547798,43641.9598729593,9.633948676214128
1636.8784347140538,1,7761.740715723957,66677.19097838973,-17.067225101164865
1901.0884919031841,3,2867.8958221466146,9432.742629104363,9.314876558417476
8631.677648033821,15,4299.0183741443725,74800.47363714034,-17.350792483760706
9466.543075122963,14,3183.532482266279,81271.3619893062,-19.87903397775417
3795.762231169554,5,182.11258741193947,70683.78557805411,-2.1718279863660506
2780.3722641211825,5,3239.6919913462148,96726.35875263656,-5.65007634978125
6475.595478066256,9,6512.432170683498,82665.20574606404,3.692347723514878
4146.468293871154,10,4934.054023367597,90309.37278765383,-17.678811123392
351.32492103741413,14,944.5599514566416,93357.1083457648,-23.900141482922116
1645.9107139252847,12,6959.332844890682,80134.79918738085,0.42747213160800257
7188.125065589235,2,4410.672221154598,67425.8842006499,24.162581986834716
6623.3470249104985,2,6915.657189109068,571.8581360789287,18.68900613139059
368.25032578448656,6,4806.906327482477,46582.57532231247,-11.282412654236108
2297.5244031361995,15,4641.3276191731475,57116.2298622361,-11.516361741058075
2387.640486221907,9,976.8100694287078,30403.027244799963,-6.986126138394324
6751.7381616274115,1,1477.5888880298958,31810.444690347205,1.588769577449618
295.13432376820515,9,7966.41166838851,96115.94157101652,16.406653539128556
1130.674961647281,9,1970.5171258304715,89171.08652027459,15.329963208782836
8019.169245194575,13,8010.173879474327,84917.90055017042,14.75455473077816
1867.5921543379027,9,4417.344065411659,40601.180170611064,-20.994416059893233
6562.18646773356,5,1223.002875523589,1369.8550408914546,10.75053016691639
2458.0095323625924,13,928.77296300578,8022.224645571408,4.060176426110903
1084.469788317517,15,1812.2798661710872,31219.636821760367,-42.82412703047355
2507.4046908945957,9,7592.339429324307,1574.2912995676984,20.534622247972706
7250.442625371025,11,3467.7074089828207,1714.9781915198114,-39.973152676954456
8571.39503425223,4,3316.7819370948614,91660.3301642411,24.15165298949081
8319.176659213217,2,2653.6952892698832,70615.8502119054,43.174474209355765
4032.116943222703,13,1313.9067629689687,30895.599006815268,-13.534328821840447
6714.042852049397,6,4062.0320541595656,13264.457760095316,-3.889395887632425
2129.3445246166275,14,1176.7053181698225,51163.57178950771,-1.285406531327288
3002.1625295840313,4,6865.312626187089,534.6160854364457,31.14976699211991
8973.724603359085,6,3114.8812973240715,93841.3743858144,2.1259781970817295
228.71904275628674,3,3150.4159705924058,41481.51193889472,-22.437774128604946
946.534455459234,6,3950.387839288169,40233.495523733276,-19.53336228745771
2158.0739259456705,2,3709.445878968621,39059.36075817822,-30.935393604978056
362.6688183508152,2,8150.534694750369,6932.833038776475,12.579156700683036
1896.2108073889933,13,4525.953361504391,63832.22397918266,-24.489975161656513
5872.111453599952,9,839.2585393615173,73300.36196283533,-6.625038287230796
4272.1030508657295,7,5021.858882476363,67612.53975882902,13.841323773654649
8937.44993966205,3,1350.375737702712,13843.54933293943,1.8724979591440905
8192.691261210564,13,377.4811671135417,57884.01680355926,13.747507664960134
3483.991781808972,11,7956.064727253329,56948.44841722539,-31.02149402742041
2668.2919909697957,1,6365.817621334723,86841.0787941382,28.055165747061032
3858.954840855942,8,8031.598914824616,37912.7658375647,-1.0800758177218075
5943.919930896596,14,3981.611804851363,37148.59436594342,-9.769769816240215
2753.830044146475,6,4420.124731185343,61852.70587181856,-3.780750799213572
6279.0741877064265,7,1485.469212531866,63307.2653499513,-25.964413295381917
4153.17535669328,9,2119.06148864741,46928.52273257904,-5.225337539961548
5565.267090434604,5,6890.060868976407,44305.936233042106,-3.1931319193930543
4417.652638439635,15,3000.281058356279,49414.76706378827,-36.09475840140482
3015.211019464985,1,6795.435948694323,86104.52995033118,-3.9102043440980214
9489.687738925351,12,5845.486672650624,46116.690125391004,-1.9435061979047275
7659.697362181632,10,1556.7063413923236,93993.17919698225,-10.942021939330246
1487.1204400878803,7,4220.0474963896,50400.3763596326,-58.964918521771864
8697.832961389337,15,5590.451360726933,94920.06931808914,21.257325362181472
4925.568862670185,5,2023.3401001780458,83283.19018690758,-2.151819095456149
8956.067046251505,3,6826.6721488339,36243.13226158291,-35.369848567439824
8018.56703387842,12,4521.490230444387,86364.1421296616,42.50292649689335
4309.613694245411,13,1460.5118947691521,11006.328420111522,13.095629133955404
322.44615236916223,9,4829.186412591354,92504.71753430145,-19.982232937310712
2759.905857910966,1,8189.6921167132905,63164.35150828916,-9.076889713291711
5462.178725142582,1,1341.805308773767,5439.074852231119,18.89382880036253
6371.434376278858,1,6714.327884483874,64425.672365081155,19.19127864387421
2653.0880857887028,3,1799.7398017044675,97424.76541447561,11.806081226023316
1479.6251333209589,12,6437.179488766144,6980.065461462892,-34.165725476713945
8365.809344313062,6,6051.636372051076,55468.77097800863,26.34849926096198
9845.581588965166,10,2551.1464054818866,74779.43497593724,-4.964877025956433
5304.33280479659,11,2755.4376200397232,81025.85866995313,8.567188709037072
1799.6249298982045,3,6518.89250478898,41382.74653207958,-19.866692920187063
2795.8425325417525,8,3849.096607859289,20416.6559168243,42.3194543619404
282.0676978199207,14,6021.316583532026,4234.227877238383,-7.202116296940456
9151.55818494894,14,1321.3441643580916,57972.61570972247,57.41043106998036
1265.7357206123972,10,7003.025953254128,45291.10702676108,2.0905447328409466
5807.51310759111,2,5860.574355326221,94874.4395149711,-1.1812602730955426
2813.146684803339,14,7441.586810444101,6060.490771490979,0.5418288186178195
5586.362224906355,9,1195.4508645380179,68539.53434460057,14.687707985326153
6549.061844683456,3,4910.06893090786,2496.622212005717,11.199820540320806
8314.443856701297,5,4959.308397765182,17143.417671054274,16.51418116582822
2143.5705904299716,10,2978.3074117692536,45357.89999228341,2.823159313223595
208.85870371895672,8,3825.0732477264946,45487.24428028682,-34.43554469284327
1455.167737681192,2,434.2833263693784,68570.05429336439,-20.711902005018203
9010.18455429624,6,6142.615351488224,91021.30348677567,-8.430729830834938
8751.5117678689,12,4557.736473907195,63903.21589149208,2.6946689192195943
6014.389711486052,5,593.6238422730173,95353.50978515088,-0.7861157869371764
6045.116918293168,13,5617.615520833356,88161.56398779976,-24.28220168188574
6683.863078007929,10,3892.1306707922995,58449.97955307902,12.7519591689958
1836.175658372151,9,405.8955960032,83379.19509188274,-4.277057652335262
9152.678264657101,12,7946.916709303041,64257.7610323634,4.126116404163346
4245.828196431524,5,7781.640321873248,7855.783092372714,-10.03297991764353
3893.071429670025,2,4264.045083811001,74056.47232595099,-2.2737695769262185
5237.285282300091,5,883.3744005724599,9490.84412673462,-19.050229915113146
564.963071073045,15,6213.265530971044,59408.27805697124,0.3225015875619768
1746.2053506851862,12,4094.9323912525992,70264.02058582289,-27.583415688337187
7406.532802621067,4,2566.9364649255594,6652.760821085524,7.736508659641039
919.706812458752,15,4090.7961835902815,23079.465392653176,13.929599888538345
6071.2058837172435,11,4340.989588549665,91567.22322616499,-9.766406013724144
2528.9561858450775,7,4665.7071409161435,61631.44922328964,11.103186637436211
3954.0265790155677,6,3686.0280269165532,24628.601881053157,5.572461141341485
2958.0679940299287,14,5012.810764513353,69067.97711480065,-6.221584587439174
3621.1598930029963,2,7536.676706329827,59677.64199616896,12.419852927509243
7218.55446132403,12,3049.329854363039,50157.56999179484,-5.384604536875887
3041.504984669433,11,5980.17755940567,97618.69749880837,-8.297014039881493
5707.405938939282,11,7340.865418230608,68345.37774075089,-16.170148886706937
4812.898981771086,13,3805.0168797281312,37544.11096679127,-8.804297113885797
6670.344537090216,5,3704.0278645836747,80007.3432076868,-7.84757423197937
9374.614419315105,7,4983.471369900943,88458.32929211878,27.012028909273862
7352.463762381478,11,4897.104107982944,12522.055951683142,-38.541873553608
2227.909748048492,7,6632.336456519098,20055.29778452665,-1.3020225646568235
408.7130371067183,15,3970.362006788152,21622.70091277797,-13.664214547024615
2696.414038568268,5,8160.735465892453,69121.18093865404,-0.009664782937942817
5991.271513932523,12,607.5787313457522,60303.95550532833,15.361975460320249
609.1155534940784,15,153.54553095477883,61899.15646985882,-23.197597969564733
5014.02584729224,9,5290.559184416807,94077.3299689501,1.5354361637344596
6008.744204277204,4,2534.5791332861736,77591.15328073059,-30.02759261824693
3409.014519087912,11,2066.4435824726374,12793.692451178318,-20.486367684270625
7732.030817083637,3,2643.1541811545176,34750.7082425181,25.013311208094727
1155.322706024341,15,2192.7675650063516,43539.36461757356,-44.42829263775417
843.8640391845067,4,376.29096046185145,39596.15887476049,-4.421933731325694
7309.068686415673,5,7962.442453837707,66930.86091618791,-9.353489508886359
5005.364030441365,13,1908.091618883232,89189.31032565626,-8.705957798543611
6915.183724634587,6,6047.216005520166,30605.1463522788,-12.104639238942534
4404.790652177087,3,6277.577326813829,55187.713642118564,-22.95615504736624
2539.380129067157,2,7621.531657530297,78940.94219135857,10.327682381890936
8209.112944974577,14,374.3508220010161,41621.80588453494,-3.798559170907821
8014.217201792894,13,7160.19780123667,16811.812839929586,7.755833059600729
6977.495061458825,4,4379.551922292149,47495.09652637482,20.466366388961713
2794.2368585766308,5,5228.835702764436,5522.252074302847,16.7711508760033
5943.283602003962,4,5325.008314704016,94238.34540022768,7.448137948233251
3673.6415797062655,14,6738.8494993968425,7482.120519497304,11.160446082608246
1006.6625259336781,11,2816.596645891067,43845.67152505782,-35.02375988291046
9181.404397076203,13,6039.324795030987,52988.126108852615,17.89468589630519
1454.5044460977178,15,4390.453876799797,98530.38322872855,-5.303670229877589
9507.349802825944,12,6525.929331358324,16602.182364286076,3.8195763326688956
4515.457152283761,3,8115.763208258356,11443.151861235856,8.807942963401514
